COD_MAT  ;DESCRICAO MATERIAL            ;UND;QUA COM      ;QUA GENE     ;LOT MIN;PRECO A VISTA;VALOR FRETE  ;ENTREGA   ;ENTR/RETI ;COD FOR  ;NOME FORECEDOR                                    ;CNPJ                ;TELEFONE            ;VENDEDOR            ;E-MAIL              ;IPI ;ICMS;ENC FIN;COND PAGTO                                          ;M. PLAN
123151;ARRUELA DE FUNILEIRO LISA M8 (;MIL;0;3,108;1;357,32;0;43662;E         ;24;ESPIRAL                                           ;49.295.801/0001-10  ;( 011)  3437.6555   ;                    ;dennis@espiralnet.co;0;0;2;                                                    ;19626
120739;ARRUELA LISA M4 TRIVALENTE BRA;MIL;0;10,4;1;22,22;0;43669;E         ;24;ESPIRAL                                           ;49.295.801/0001-10  ;( 011)  3437.6555   ;                    ;dennis@espiralnet.co;10;0;2;                                                    ;19626
134856;ARRUELA LISA M4 TRIVALENTE BRA;MIL;0;10,4;1;0;0;43669;E         ;2699;JUNDIFIX                                          ;05.072.597/0001-01  ;( 011)  3379.5555   ;                    ;andreia@jundifix.com;10;0;2;                                                    ;19626
134857;ARRUELA LISA M4 TRIVALENTE BRA;MIL;0;10,4;1;0;0;43669;E         ;2859;DENARDO                                           ;58.402.777/0001-62  ;( 011)  2295.6433   ;                    ;correio@denardo.com.;10;0;2;                                                    ;19626
120740;ARRUELA LISA M6 TRIVALENTE BRA;MIL;0;1,66;1;46,66;0;43672;E         ;24;ESPIRAL                                           ;49.295.801/0001-10  ;( 011)  3437.6555   ;                    ;dennis@espiralnet.co;10;0;2;                                                    ;19626
134861;ARRUELA LISA M6 TRIVALENTE BRA;MIL;0;1,66;1;0;0;43672;E         ;2699;JUNDIFIX                                          ;05.072.597/0001-01  ;( 011)  3379.5555   ;                    ;andreia@jundifix.com;10;0;2;                                                    ;19626
134862;ARRUELA LISA M6 TRIVALENTE BRA;MIL;0;1,66;1;0;0;43672;E         ;2859;DENARDO                                           ;58.402.777/0001-62  ;( 011)  2295.6433   ;                    ;correio@denardo.com.;10;0;2;                                                    ;19626
110057;ARRUELA LISA M8 (8,4x16x1,5) T;MIL;0;1,702;1;55,83;0;43668;E         ;24;ESPIRAL                                           ;49.295.801/0001-10  ;( 011)  3437.6555   ;                    ;dennis@espiralnet.co;10;0;2;                                                    ;19626
134863;ARRUELA LISA M8 (8,4x16x1,5) T;MIL;0;1,702;1;0;0;43668;E         ;2699;JUNDIFIX                                          ;05.072.597/0001-01  ;( 011)  3379.5555   ;                    ;andreia@jundifix.com;10;0;2;                                                    ;19626
134864;ARRUELA LISA M8 (8,4x16x1,5) T;MIL;0;1,702;1;0;0;43668;E         ;2859;DENARDO                                           ;58.402.777/0001-62  ;( 011)  2295.6433   ;                    ;correio@denardo.com.;10;0;2;                                                    ;19626
131936;PARAF M4 X 12,0 CAB PANELA PHI;MIL;1,47;0;10;59,56;0;43662;E         ;24;ESPIRAL                                           ;49.295.801/0001-10  ;( 011)  3437.6555   ;                    ;dennis@espiralnet.co;0;0;2;                                                    ;19626
117362;PARAF SEXT C/ FLANG ?14mm M4X1;UN ;1412;0;1;0,11;0;43662;E         ;24;ESPIRAL                                           ;49.295.801/0001-10  ;( 011)  3437.6555   ;                    ;dennis@espiralnet.co;0;0;2;                                                    ;19626
39406;PARAF. AUTO BROC CAB PHILIPS ?;MIL;1,054;0;       ;47,73;0;43662;E         ;24;ESPIRAL                                           ;49.295.801/0001-10  ;( 011)  3437.6555   ;                    ;dennis@espiralnet.co;10;18;2;                                                    ;19626
117361;PARAF. PHILIPS CAB CHATA M6X16;MIL;0;0,016;1;78,51;0;43662;E         ;24;ESPIRAL                                           ;49.295.801/0001-10  ;( 011)  3437.6555   ;                    ;dennis@espiralnet.co;10;0;2;                                                    ;19626
134887;PARAF. PHILIPS CAB CHATA M6X16;MIL;0;0,016;1;0;0;43662;E         ;2699;JUNDIFIX                                          ;05.072.597/0001-01  ;( 011)  3379.5555   ;                    ;andreia@jundifix.com;10;0;2;                                                    ;19626
134888;PARAF. PHILIPS CAB CHATA M6X16;MIL;0;0,016;1;0;0;43662;E         ;2859;DENARDO                                           ;58.402.777/0001-62  ;( 011)  2295.6433   ;                    ;correio@denardo.com.;10;0;2;                                                    ;19626
84760;"PARAF. SEXT. 1/4""X7MM ZINCADO ";MIL;0;0,012;       ;35,36;0;43669;E         ;24;ESPIRAL                                           ;49.295.801/0001-10  ;( 011)  3437.6555   ;                    ;dennis@espiralnet.co;0;0;2;                                                    ;19626
134926;"PARAF. SEXT. 1/4""X7MM ZINCADO ";MIL;0;0,012;       ;0;0;43669;E         ;2699;JUNDIFIX                                          ;05.072.597/0001-01  ;( 011)  3379.5555   ;                    ;andreia@jundifix.com;0;0;2;                                                    ;19626
134927;"PARAF. SEXT. 1/4""X7MM ZINCADO ";MIL;0;0,012;       ;0;0;43669;E         ;2859;DENARDO                                           ;58.402.777/0001-62  ;( 011)  2295.6433   ;                    ;correio@denardo.com.;0;0;2;                                                    ;19626
117507;PARAF. SEXT. M6x20 TRIVALENTE ;MIL;0;1,74;1;137,95;0;43662;E         ;24;ESPIRAL                                           ;49.295.801/0001-10  ;( 011)  3437.6555   ;                    ;dennis@espiralnet.co;10;0;2;                                                    ;19626
134907;PARAF. SEXT. M6x20 TRIVALENTE ;MIL;0;1,74;1;0;0;43662;E         ;2699;JUNDIFIX                                          ;05.072.597/0001-01  ;( 011)  3379.5555   ;                    ;andreia@jundifix.com;10;0;2;                                                    ;19626
134908;PARAF. SEXT. M6x20 TRIVALENTE ;MIL;0;1,74;1;0;0;43662;E         ;2859;DENARDO                                           ;58.402.777/0001-62  ;( 011)  2295.6433   ;                    ;correio@denardo.com.;10;0;2;                                                    ;19626
73756;"PARAFUSO SEXT. ? 3/8"" x 4.1/2""";UN ;0;19;       ;0,9;0;43662;E         ;24;ESPIRAL                                           ;49.295.801/0001-10  ;( 011)  3437.6555   ;                    ;dennis@espiralnet.co;10;18;2;                                045 060             ;19626
134915;"PARAFUSO SEXT. ? 3/8"" x 4.1/2""";UN ;0;19;       ;0;0;43662;E         ;2699;JUNDIFIX                                          ;05.072.597/0001-01  ;( 011)  3379.5555   ;                    ;andreia@jundifix.com;10;18;2;                                045 060             ;19626
134916;"PARAFUSO SEXT. ? 3/8"" x 4.1/2""";UN ;0;19;       ;0;0;43662;E         ;2859;DENARDO                                           ;58.402.777/0001-62  ;( 011)  2295.6433   ;                    ;correio@denardo.com.;10;18;2;                                045 060             ;19626
11337;PORCA AUTO TRAVANTE M4 ZINCADA;MIL;10,4;0;       ;37,78;0;43672;E         ;24;ESPIRAL                                           ;49.295.801/0001-10  ;( 011)  3437.6555   ;                    ;dennis@espiralnet.co;10;18;2;                                                    ;19626
10276;PORCA AUTO TRAVANTE SEXTAVADA ;MIL;0;0,016;       ;143,16;0;43672;E         ;24;ESPIRAL                                           ;49.295.801/0001-10  ;( 011)  3437.6555   ;                    ;dennis@espiralnet.co;10;18;2;                                                    ;19626
134930;PORCA AUTO TRAVANTE SEXTAVADA ;MIL;0;0,016;       ;0;0;43672;E         ;2699;JUNDIFIX                                          ;05.072.597/0001-01  ;( 011)  3379.5555   ;                    ;andreia@jundifix.com;10;18;2;                                                    ;19626
134931;PORCA AUTO TRAVANTE SEXTAVADA ;MIL;0;0,016;       ;0;0;43672;E         ;2859;DENARDO                                           ;58.402.777/0001-62  ;( 011)  2295.6433   ;                    ;correio@denardo.com.;10;18;2;                                                    ;19626
68243;PORCA CALOTA M6 ZINCADA       ;MIL;0;8,44;       ;186,66;0;43672;E         ;24;ESPIRAL                                           ;49.295.801/0001-10  ;( 011)  3437.6555   ;                    ;dennis@espiralnet.co;10;0;2;                                045 060             ;19626
134932;PORCA CALOTA M6 ZINCADA       ;MIL;0;8,44;       ;0;0;43672;E         ;2699;JUNDIFIX                                          ;05.072.597/0001-01  ;( 011)  3379.5555   ;                    ;andreia@jundifix.com;10;0;2;                                045 060             ;19626
134933;PORCA CALOTA M6 ZINCADA       ;MIL;0;8,44;       ;0;0;43672;E         ;2859;DENARDO                                           ;58.402.777/0001-62  ;( 011)  2295.6433   ;                    ;correio@denardo.com.;10;0;2;                                045 060             ;19626
117509;PORCA SEXT M4 TRIVALENTE BRANC;MIL;0;0,98;1;16,09;0;43662;E         ;24;ESPIRAL                                           ;49.295.801/0001-10  ;( 011)  3437.6555   ;                    ;dennis@espiralnet.co;10;0;2;                                                    ;19626
134946;PORCA SEXT M4 TRIVALENTE BRANC;MIL;0;0,98;1;0;0;43662;E         ;2699;JUNDIFIX                                          ;05.072.597/0001-01  ;( 011)  3379.5555   ;                    ;andreia@jundifix.com;10;0;2;                                                    ;19626
134947;PORCA SEXT M4 TRIVALENTE BRANC;MIL;0;0,98;1;0;0;43662;E         ;2859;DENARDO                                           ;58.402.777/0001-62  ;( 011)  2295.6433   ;                    ;correio@denardo.com.;10;0;2;                                                    ;19626
136133;PORCA SEXT M6 TRIVALENTE BRANC;MIL;0;7,944;1;35,55;0;43662;E         ;24;ESPIRAL                                           ;49.295.801/0001-10  ;( 011)  3437.6555   ;                    ;dennis@espiralnet.co;10;0;2;                                                    ;19626
5798;PREGO COIL ANELADO 2,10x30 REF;MIL;1,68;0;       ;6,11;0;43662;E         ;24;ESPIRAL                                           ;49.295.801/0001-10  ;( 011)  3437.6555   ;                    ;dennis@espiralnet.co;0;0;2;                                                    ;19626
5652;REBITE POP ACO ?4,8 SD-650-S  ;MIL;6,544;0;       ;97,77;0;43669;E         ;24;ESPIRAL                                           ;49.295.801/0001-10  ;( 011)  3437.6555   ;                    ;dennis@espiralnet.co;10;18;2;                                                    ;19626
137714;"CONECTOR BRONZE FEMEA 1.1/4""X3";UN ;2;0;1;18,89;0;43662;E         ;39;AMSS                                              ;48.925.481/0001-72  ;( 011)  4330.5744   ;                    ;vendas@amss.ind.br  ;0;0;2;                                                    ;19626
90327;CONEXAO LAT 1.5/8 ROSCA 3/4 NP;UN ;8;0;       ;17,4;0;43662;E         ;39;AMSS                                              ;48.925.481/0001-72  ;( 011)  4330.5744   ;                    ;vendas@amss.ind.br  ;5;0;2;                                                    ;19626
90328;"CONEXAO LAT SEXT 1"" ROSCA 1/2""";UN ;8;0;       ;9,7;0;43662;E         ;39;AMSS                                              ;48.925.481/0001-72  ;( 011)  4330.5744   ;                    ;vendas@amss.ind.br  ;5;0;2;                                                    ;19626
96739;CONEX€O LAT 3/8 SAE C/ ASSENT ;UN ;92;0;       ;8,75;0;43662;E         ;39;AMSS                                              ;48.925.481/0001-72  ;( 011)  4330.5744   ;                    ;vendas@amss.ind.br  ;5;0;2;                                                    ;19626
96737;CONEX€O LAT 5/8 SAE C/ASSENT.O;UN ;25;0;       ;8,75;0;43669;E         ;39;AMSS                                              ;48.925.481/0001-72  ;( 011)  4330.5744   ;                    ;vendas@amss.ind.br  ;5;0;2;                                                    ;19626
11179;DIST 1/4X11FXSAI 7/8          ;UN ;6;0;       ;22,93;0;43662;E         ;39;AMSS                                              ;48.925.481/0001-72  ;( 011)  4330.5744   ;                    ;vendas@amss.ind.br  ;5;18;2;                                                    ;19626
82011;DIST 1/4X14FXSAI 7/8          ;UN ;1;0;       ;54,09;0;43669;E         ;39;AMSS                                              ;48.925.481/0001-72  ;( 011)  4330.5744   ;                    ;vendas@amss.ind.br  ;5;0;2;                                                    ;19626
16189;DIST 1/4X14FXSAI 7/8 C/ G.Q. 5;UN ;1;0;       ;48,25;0;43662;E         ;39;AMSS                                              ;48.925.481/0001-72  ;( 011)  4330.5744   ;                    ;vendas@amss.ind.br  ;0;0;2;                                                    ;19626
5402;DIST 1/4X3FXSAI 1/2           ;UN ;104;0;10;3,31;0;43672;E         ;39;AMSS                                              ;48.925.481/0001-72  ;( 011)  4330.5744   ;                    ;vendas@amss.ind.br  ;5;18;2;                                                    ;19626
5405;DIST 1/4X4FXSAI 1/2           ;UN ;104;0;10;3,33;0;43669;E         ;39;AMSS                                              ;48.925.481/0001-72  ;( 011)  4330.5744   ;                    ;vendas@amss.ind.br  ;5;18;2;                                                    ;19626
14846;DIST 1/4X5FXSAI 1/2           ;UN ;9;0;10;6,9;0;43669;E         ;39;AMSS                                              ;48.925.481/0001-72  ;( 011)  4330.5744   ;                    ;vendas@amss.ind.br  ;5;18;2;                                                    ;19626
116160;"DIST 1/4X6FXENT. 7/8"" GQ.3/8"" ";UN ;4;0;1;27;0;43662;E         ;39;AMSS                                              ;48.925.481/0001-72  ;( 011)  4330.5744   ;                    ;vendas@amss.ind.br  ;5;0;2;                                                    ;19626
16516;DIST 1/4X7FXSAI 5/8           ;UN ;8;0;       ;20,64;0;43669;E         ;39;AMSS                                              ;48.925.481/0001-72  ;( 011)  4330.5744   ;                    ;vendas@amss.ind.br  ;5;18;2;                                                    ;19626
5413;DIST 1/4X8FXSAI 5/8           ;UN ;13;0;10;15,87;0;43669;E         ;39;AMSS                                              ;48.925.481/0001-72  ;( 011)  4330.5744   ;                    ;vendas@amss.ind.br  ;5;18;2;                                                    ;19626
8060;DIST 1/4X9FXSAI 5/8           ;UN ;3;0;       ;22,35;0;43662;E         ;39;AMSS                                              ;48.925.481/0001-72  ;( 011)  4330.5744   ;                    ;vendas@amss.ind.br  ;5;18;2;                                                    ;19626
127752;"DIST 3/16""X16FXSAI 17 mm      ";UN ;30;0;10;55,42;0;43662;E         ;39;AMSS                                              ;48.925.481/0001-72  ;( 011)  4330.5744   ;                    ;vendas@amss.ind.br  ;5;18;2;                                                    ;19626
5410;DIST 3/16X6FXSAI 1/2          ;UN ;1;0;       ;9;0;43669;E         ;39;AMSS                                              ;48.925.481/0001-72  ;( 011)  4330.5744   ;                    ;vendas@amss.ind.br  ;5;18;2;                                                    ;19626
5692;DRENO LATAO 3/8               ;UN ;23;0;       ;3,21;0;43672;E         ;39;AMSS                                              ;48.925.481/0001-72  ;( 011)  4330.5744   ;                    ;vendas@amss.ind.br  ;0;18;2;                                                    ;19626
55028;"FLANGE DE ACO FEMEA 1"" 4FUROS ";UN ;2;0;       ;55,68;0;43662;E         ;39;AMSS                                              ;48.925.481/0001-72  ;( 011)  4330.5744   ;                    ;vendas@amss.ind.br  ;10;18;2;                                                    ;19626
55934;FLANGE DE ACO FEMEA 3/4 4 FURO;UN ;2;0;       ;55,68;0;43662;E         ;39;AMSS                                              ;48.925.481/0001-72  ;( 011)  4330.5744   ;                    ;vendas@amss.ind.br  ;5;0;2;                                                    ;19626
5426;PURGADOR LATAO 1/4 C/PARAF INO;UN ;23;0;       ;4,21;0;43669;E         ;39;AMSS                                              ;48.925.481/0001-72  ;( 011)  4330.5744   ;                    ;vendas@amss.ind.br  ;5;18;2;                                                    ;19626
52548;RES 500W X 220V X 6,5 FCF402RV;UN ;0;100;       ;26,23;0;43662;E         ;39;AMSS                                              ;48.925.481/0001-72  ;( 011)  4330.5744   ;                    ;vendas@amss.ind.br  ;10;18;2;                                                    ;19626
134431;RES 500W X 220V X 6,5 FCF402RV;UN ;0;100;       ;0;0;43662;E         ;964;ELBAC                                             ;56.997.992/0001-28  ;( 011)  4615.4332   ;                    ;alvaro.justo@elbac.c;0;18;2;                                                    ;19626
67664;BOB AL 163X0,170MM            ;KG ;319,238;0;       ;14,93;0;43662;E         ;75;NOVELIS                                           ;60.561.800/0002-94  ;( 011)  5503.0814   ;                    ;roberta.ragazzi@nove;5;0;0;                                                    ;19626
93298;BOB AL 207X0.170              ;KG ;454,507;0;       ;14,93;0;43662;E         ;75;NOVELIS                                           ;60.561.800/0002-94  ;( 011)  5503.0814   ;                    ;roberta.ragazzi@nove;5;0;0;                                                    ;19626
11217;BOB AL 218X0.170              ;KG ;1781,965;0;       ;14,93;0;43662;E         ;75;NOVELIS                                           ;60.561.800/0002-94  ;( 011)  5503.0814   ;                    ;roberta.ragazzi@nove;5;0;0;                                                    ;19626
13642;BOB AL 245X0.21               ;KG ;0;11,631;       ;14,93;0;43662;E         ;75;NOVELIS                                           ;60.561.800/0002-94  ;( 011)  5503.0814   ;                    ;roberta.ragazzi@nove;5;0;0;                                                    ;19626
134166;BOB AL 245X0.21               ;KG ;0;11,631;2500;13,18;0;43662;E         ;7280;ARCONIC                                           ;05.342.105/0004-95  ;( 081)  3326.6600   ;                    ;e                   ;5;0;0;                                                    ;19626
11219;BOB AL 248X0.120              ;KG ;0;158,988;       ;14,93;0;43662;E         ;75;NOVELIS                                           ;60.561.800/0002-94  ;( 011)  5503.0814   ;                    ;roberta.ragazzi@nove;5;0;2;                                028 035             ;19626
134167;BOB AL 248X0.120              ;KG ;0;158,988;2500;13,18;0;43662;E         ;7280;ARCONIC                                           ;05.342.105/0004-95  ;( 081)  3326.6600   ;                    ;e                   ;5;0;2;                                028 035             ;19626
11216;BOB AL 248X0.140              ;KG ;0;167,528;       ;14,93;0;43662;E         ;75;NOVELIS                                           ;60.561.800/0002-94  ;( 011)  5503.0814   ;                    ;roberta.ragazzi@nove;5;18;0;                                                    ;19626
134168;BOB AL 248X0.140              ;KG ;0;167,528;2500;13,18;0;43662;E         ;7280;ARCONIC                                           ;05.342.105/0004-95  ;( 081)  3326.6600   ;                    ;e                   ;5;18;0;                                                    ;19626
99111;BOB AL 292X0.120 8006 H-22    ;KG ;0;1393,198;       ;14,93;0;43662;E         ;75;NOVELIS                                           ;60.561.800/0002-94  ;( 011)  5503.0814   ;                    ;roberta.ragazzi@nove;5;0;0;                                                    ;19626
134171;BOB AL 292X0.120 8006 H-22    ;KG ;0;1393,198;2500;13,18;0;43662;E         ;7280;ARCONIC                                           ;05.342.105/0004-95  ;( 081)  3326.6600   ;                    ;e                   ;5;0;0;                                                    ;19626
11215;BOB AL 292X0.140              ;KG ;0;296,647;       ;14,93;0;43662;E         ;75;NOVELIS                                           ;60.561.800/0002-94  ;( 011)  5503.0814   ;                    ;roberta.ragazzi@nove;5;0;0;                                                    ;19626
134172;BOB AL 292X0.140              ;KG ;0;296,647;2500;13,18;0;43662;E         ;7280;ARCONIC                                           ;05.342.105/0004-95  ;( 081)  3326.6600   ;                    ;e                   ;5;0;0;                                                    ;19626
11222;BOB AL 292X0.170              ;KG ;0;452,652;       ;14,93;0;43662;E         ;75;NOVELIS                                           ;60.561.800/0002-94  ;( 011)  5503.0814   ;                    ;roberta.ragazzi@nove;5;18;0;                                                    ;19626
134173;BOB AL 292X0.170              ;KG ;0;452,652;2500;13,18;0;43662;E         ;7280;ARCONIC                                           ;05.342.105/0004-95  ;( 081)  3326.6600   ;                    ;e                   ;5;18;0;                                                    ;19626
11223;BOB AL 355X0.125 ALCAN        ;KG ;0;601,844;       ;14,93;0;43662;E         ;7280;ARCONIC                                           ;05.342.105/0004-95  ;( 081)  3326.6600   ;                    ;e                   ;5;18;0;                                                    ;19626
100182;BOB AL 355X0,125MM 8006 H-22 N;KG ;0;601,844;       ;14,93;0;43662;E         ;75;NOVELIS                                           ;60.561.800/0002-94  ;( 011)  5503.0814   ;                    ;roberta.ragazzi@nove;5;0;0;                                                    ;19626
38561;RESIST FT800 1000WX860MM BT 22;UN ;0;15;       ;16,07;0;43669;E         ;117;SMS                                               ;55.413.199/0001-71  ;( 011)  2211.1088   ;                    ;djair.opalkie@smsres;10;18;2;                                021 028             ;19626
134462;RESIST FT800 1000WX860MM BT 22;UN ;0;15;       ;0;0;43669;E         ;964;ELBAC                                             ;56.997.992/0001-28  ;( 011)  4615.4332   ;                    ;alvaro.justo@elbac.c;10;18;2;                                021 028             ;19626
64142;RESIST HDH 5 MOTORES 3400W    ;UN ;0;9;       ;55,91;0;43682;E         ;117;SMS                                               ;55.413.199/0001-71  ;( 011)  2211.1088   ;                    ;djair.opalkie@smsres;10;18;2;                                021 028             ;19626
134467;RESIST HDH 5 MOTORES 3400W    ;UN ;0;9;       ;0;0;43682;E         ;964;ELBAC                                             ;56.997.992/0001-28  ;( 011)  4615.4332   ;                    ;alvaro.justo@elbac.c;10;18;2;                                021 028             ;19626
117695;RESIST. FT 1500W X 1304mm 220V;UN ;0;22;1;16,7;0;43662;E         ;117;SMS                                               ;55.413.199/0001-71  ;( 011)  2211.1088   ;                    ;djair.opalkie@smsres;10;0;2;                                021 028             ;19626
134485;RESIST. FT 1500W X 1304mm 220V;UN ;0;22;1;0;0;43662;E         ;964;ELBAC                                             ;56.997.992/0001-28  ;( 011)  4615.4332   ;                    ;alvaro.justo@elbac.c;10;0;2;                                021 028             ;19626
128358;RESIST. NOVO MI 1MT R=26,5 E=4;UN ;0;22;1;9;0;43662;E         ;117;SMS                                               ;55.413.199/0001-71  ;( 011)  2211.1088   ;                    ;djair.opalkie@smsres;0;0;2;                                021 028             ;19626
134492;RESIST. NOVO MI 1MT R=26,5 E=4;UN ;0;22;1;0;0;43662;E         ;964;ELBAC                                             ;56.997.992/0001-28  ;( 011)  4615.4332   ;                    ;alvaro.justo@elbac.c;0;0;2;                                021 028             ;19626
87427;RESIST. NOVO MI 4MT R=43 E=157;UN ;0;12;       ;16,05;0;43692;E         ;117;SMS                                               ;55.413.199/0001-71  ;( 011)  2211.1088   ;                    ;djair.opalkie@smsres;10;0;2;                                021 028             ;19626
134499;RESIST. NOVO MI 4MT R=43 E=157;UN ;0;12;       ;0;0;43692;E         ;964;ELBAC                                             ;56.997.992/0001-28  ;( 011)  4615.4332   ;                    ;alvaro.justo@elbac.c;10;0;2;                                021 028             ;19626
128363;RESIST. NOVO MI 6MT R=26,5 E=2;UN ;0;39;1;31,7;0;43662;E         ;117;SMS                                               ;55.413.199/0001-71  ;( 011)  2211.1088   ;                    ;djair.opalkie@smsres;0;0;2;                                021 028             ;19626
134502;RESIST. NOVO MI 6MT R=26,5 E=2;UN ;0;39;1;0;0;43662;E         ;964;ELBAC                                             ;56.997.992/0001-28  ;( 011)  4615.4332   ;                    ;alvaro.justo@elbac.c;0;0;2;                                021 028             ;19626
128364;RESIST. NOVO MI 7MT R=26,5 E=2;UN ;0;21;1;37,25;0;43662;E         ;117;SMS                                               ;55.413.199/0001-71  ;( 011)  2211.1088   ;                    ;djair.opalkie@smsres;0;0;2;                                021 028             ;19626
134505;RESIST. NOVO MI 7MT R=26,5 E=2;UN ;0;21;1;0;0;43662;E         ;964;ELBAC                                             ;56.997.992/0001-28  ;( 011)  4615.4332   ;                    ;alvaro.justo@elbac.c;0;0;2;                                021 028             ;19626
122914;RESISTENCIA HD 8,5X1140MM - 18;UN ;85;0;1;18,1;0;43662;E         ;117;SMS                                               ;55.413.199/0001-71  ;( 011)  2211.1088   ;                    ;djair.opalkie@smsres;10;0;2;                                021 028             ;19626
122915;RESISTENCIA HD 8,5X1480MM - 24;UN ;36;0;1;22,34;0;43662;E         ;117;SMS                                               ;55.413.199/0001-71  ;( 011)  2211.1088   ;                    ;djair.opalkie@smsres;10;0;2;                                021 028             ;19626
122916;RESISTENCIA HD 8,5X2180MM - 36;UN ;64;0;1;30,91;0;43662;E         ;117;SMS                                               ;55.413.199/0001-71  ;( 011)  2211.1088   ;                    ;djair.opalkie@smsres;10;0;2;                                021 028             ;19626
122917;RESISTENCIA HD 8,5X3280MM - 55;UN ;36;0;1;49,31;0;43662;E         ;117;SMS                                               ;55.413.199/0001-71  ;( 011)  2211.1088   ;                    ;djair.opalkie@smsres;10;0;2;                                021 028             ;19626
122913;RESISTENCIA HD 8,5X880MM - 135;UN ;32;0;1;13,53;0;43662;E         ;117;SMS                                               ;55.413.199/0001-71  ;( 011)  2211.1088   ;                    ;djair.opalkie@smsres;10;0;2;                                021 028             ;19626
5449;PORCA CURTA REFRIG 3/8 LT P/ T;MIL;0;0,001;       ;1558,53;0;43669;E         ;147;APIS DELTA                                        ;01.940.049/0001-97  ;( 011)  4056.2300   ;                    ;luiz.fernando@apisde;5;18;2;                                                    ;19626
50832;PORCA CURTA REFRIG 7/8~ FORJ  ;UN ;0;8;       ;7,94;0;43669;E         ;147;APIS DELTA                                        ;01.940.049/0001-97  ;( 011)  4056.2300   ;                    ;luiz.fernando@apisde;5;18;2;                                                    ;19626
5934;FITA ADESIVA 50x50 TRANSP     ;UN ;9,7;0;1;1,99;0;43668;E         ;163;                                                  ;03.089.165/0001-70  ;( 011)  4409.0300   ;                    ;rafael@multibor.com.;0;18;2;                                                    ;19626
32980;FITA PETSTRAP VERDE 12MM x 1.1;UN ;0,862;0;1;75,59;0;43668;E         ;163;                                                  ;03.089.165/0001-70  ;( 011)  4409.0300   ;                    ;rafael@multibor.com.;0;18;2;                                                    ;19626
83423;ISOLADOR EP…XI M6 16X20       ;UN ;16;0;       ;2,17;0;43669;E         ;163;                                                  ;03.089.165/0001-70  ;( 011)  4409.0300   ;                    ;rafael@multibor.com.;0;0;2;                                                    ;19626
110580;PROMOTOR ADESIVO LIQ. 3M P8225;UN ;0,05;0;1;102,39;0;43662;E         ;163;                                                  ;03.089.165/0001-70  ;( 011)  4409.0300   ;                    ;rafael@multibor.com.;0;0;2;                                                    ;19626
115274;SELANTE TEROSON MS930 SACHE 57;UN ;0,422;0;1;48,1;0;43692;E         ;163;                                                  ;03.089.165/0001-70  ;( 011)  4409.0300   ;                    ;rafael@multibor.com.;0;18;2;                                                    ;19626
11255;CH AL.2000X1000X1.2 SCHOCK    ;UN ;7,41;0;       ;13;0;43662;E         ;215;MAURANO                                           ;62.841.846/0001-01  ;( 011)  3629.3000   ;                    ;celsocampos@maurano.;0;18;2;                                                    ;19626
11258;CH AL.2000X1000X1.5           ;UN ;39,067;0;       ;13;0;43662;E         ;215;MAURANO                                           ;62.841.846/0001-01  ;( 011)  3629.3000   ;                    ;celsocampos@maurano.;0;18;2;                                                    ;19626
5765;CH AL.2000x1000x1.0 LIGA 1200 ;UN ;2,22;0;       ;13;0;43669;E         ;215;MAURANO                                           ;62.841.846/0001-01  ;( 011)  3629.3000   ;                    ;celsocampos@maurano.;5;18;2;                                                    ;19626
11412;CH AL.3000X1250X1.2MM         ;UN ;58,213;0;       ;13;0;43669;E         ;215;MAURANO                                           ;62.841.846/0001-01  ;( 011)  3629.3000   ;                    ;celsocampos@maurano.;5;0;2;                                060 075             ;19626
5238;CH GALV.2000X1200X0.95 RADAR C;UN ;0;40,868;       ;3,86;0;43662;E         ;215;MAURANO                                           ;62.841.846/0001-01  ;( 011)  3629.3000   ;                    ;celsocampos@maurano.;0;18;2;                                060 075             ;19626
126402;BLANK AL 1070X345X1,0 1200-H14;UN ;30;0;10;15,34;0;43662;E         ;226;SHOCK METAIS                                      ;54.800.768/0001-79  ;( 011)  2065.1611   ;                    ;edson@shockmetais.co;5;18;0;                                                    ;19626
122891;BLANK AL 1170X850X1,2MM - 1100;UN ;16;0;       ;15,34;0;43662;E         ;226;SHOCK METAIS                                      ;54.800.768/0001-79  ;( 011)  2065.1611   ;                    ;edson@shockmetais.co;5;0;2;                                                    ;19626
91417;BLANK AL 1203X700X1,2 3105-O  ;UN ;13;0;       ;15,34;0;43669;E         ;226;SHOCK METAIS                                      ;54.800.768/0001-79  ;( 011)  2065.1611   ;                    ;edson@shockmetais.co;5;0;2;                                                    ;19626
122885;BLANK AL 1263X430X1MM - LIGA H;UN ;16;0;10;15,34;0;43662;E         ;226;SHOCK METAIS                                      ;54.800.768/0001-79  ;( 011)  2065.1611   ;                    ;edson@shockmetais.co;5;18;0;                                                    ;19626
122892;BLANK AL 1430X850X1,2MM - 1100;UN ;31;0;       ;15,34;0;43662;E         ;226;SHOCK METAIS                                      ;54.800.768/0001-79  ;( 011)  2065.1611   ;                    ;edson@shockmetais.co;5;0;2;                                                    ;19626
126403;BLANK AL 1435X345X1,0 1200-H14;UN ;25;0;10;15,34;0;43662;E         ;226;SHOCK METAIS                                      ;54.800.768/0001-79  ;( 011)  2065.1611   ;                    ;edson@shockmetais.co;5;18;0;                                                    ;19626
122886;BLANK AL 1523X430X1MM - LIGA H;UN ;29;0;10;15,34;0;43662;E         ;226;SHOCK METAIS                                      ;54.800.768/0001-79  ;( 011)  2065.1611   ;                    ;edson@shockmetais.co;5;18;0;                                                    ;19626
91380;BLANK AL 1535X1175X1,2 1100-O ;UN ;4;0;       ;15,34;0;43675;E         ;226;SHOCK METAIS                                      ;54.800.768/0001-79  ;( 011)  2065.1611   ;                    ;edson@shockmetais.co;5;0;2;                                                    ;19626
91418;BLANK AL 1566X700X1,2 3105-O  ;UN ;16;0;       ;15,34;0;43669;E         ;226;SHOCK METAIS                                      ;54.800.768/0001-79  ;( 011)  2065.1611   ;                    ;edson@shockmetais.co;5;0;2;                                                    ;19626
91382;BLANK AL 1615X1175X1,2 1100-O ;UN ;3;0;       ;15,34;0;43675;E         ;226;SHOCK METAIS                                      ;54.800.768/0001-79  ;( 011)  2065.1611   ;                    ;edson@shockmetais.co;5;0;2;                                                    ;19626
126404;BLANK AL 1635X345X1,0 1200-H14;UN ;32;0;10;15,34;0;43662;E         ;226;SHOCK METAIS                                      ;54.800.768/0001-79  ;( 011)  2065.1611   ;                    ;edson@shockmetais.co;5;18;0;                                                    ;19626
91377;BLANK AL 1750X1175X1,2 1100-O ;UN ;3;0;       ;15,34;0;43669;E         ;226;SHOCK METAIS                                      ;54.800.768/0001-79  ;( 011)  2065.1611   ;                    ;edson@shockmetais.co;5;0;2;                                                    ;19626
122893;BLANK AL 1770X850X1,2MM - 1100;UN ;25;0;       ;15,34;0;43662;E         ;226;SHOCK METAIS                                      ;54.800.768/0001-79  ;( 011)  2065.1611   ;                    ;edson@shockmetais.co;5;0;2;                                                    ;19626
122895;BLANK AL 1785X850X1,2MM - 1100;UN ;24;0;       ;15,34;0;43662;E         ;226;SHOCK METAIS                                      ;54.800.768/0001-79  ;( 011)  2065.1611   ;                    ;edson@shockmetais.co;5;0;2;                                                    ;19626
122887;BLANK AL 1863X430X1MM - LIGA H;UN ;25;0;10;15,34;0;43662;E         ;226;SHOCK METAIS                                      ;54.800.768/0001-79  ;( 011)  2065.1611   ;                    ;edson@shockmetais.co;5;18;0;                                                    ;19626
91419;BLANK AL 1929X700X1,2 3105-O  ;UN ;10;0;       ;15,34;0;43669;E         ;226;SHOCK METAIS                                      ;54.800.768/0001-79  ;( 011)  2065.1611   ;                    ;edson@shockmetais.co;5;0;0;                                                    ;19626
91420;BLANK AL 2292X700X1,2 3105-O  ;UN ;12;0;       ;15,34;0;43672;E         ;226;SHOCK METAIS                                      ;54.800.768/0001-79  ;( 011)  2065.1611   ;                    ;edson@shockmetais.co;5;0;2;                                                    ;19626
91389;BLANK AL 2315X1175X1,2 1100-O ;UN ;1;0;       ;15,34;0;43669;E         ;226;SHOCK METAIS                                      ;54.800.768/0001-79  ;( 011)  2065.1611   ;                    ;edson@shockmetais.co;5;0;0;                                                    ;19626
91379;BLANK AL 2450X1175X1,2 1100-O ;UN ;4;0;       ;15,34;0;43675;E         ;226;SHOCK METAIS                                      ;54.800.768/0001-79  ;( 011)  2065.1611   ;                    ;edson@shockmetais.co;5;0;2;                                                    ;19626
122894;BLANK AL 2470X850X1,2MM - 1200;UN ;27;0;       ;15,34;0;43662;E         ;226;SHOCK METAIS                                      ;54.800.768/0001-79  ;( 011)  2065.1611   ;                    ;edson@shockmetais.co;5;0;2;                                                    ;19626
122888;BLANK AL 2563X430X1MM - LIGA H;UN ;26;0;10;15,34;0;43662;E         ;226;SHOCK METAIS                                      ;54.800.768/0001-79  ;( 011)  2065.1611   ;                    ;edson@shockmetais.co;5;18;0;                                                    ;19626
91421;BLANK AL 2655X700X1,2 3105-O  ;UN ;4;0;       ;15,34;0;43669;E         ;226;SHOCK METAIS                                      ;54.800.768/0001-79  ;( 011)  2065.1611   ;                    ;edson@shockmetais.co;5;0;2;                                                    ;19626
109896;BLANK AL 447X755X1,2 H-14 FECH;UN ;12;0;       ;15,34;0;43669;E         ;226;SHOCK METAIS                                      ;54.800.768/0001-79  ;( 011)  2065.1611   ;                    ;edson@shockmetais.co;5;0;0;                                                    ;19626
94145;BLANK AL 570X755X1,2 H-14 FEC.;UN ;13;0;       ;15,34;0;43672;E         ;226;SHOCK METAIS                                      ;54.800.768/0001-79  ;( 011)  2065.1611   ;                    ;edson@shockmetais.co;5;0;0;                                                    ;19626
91416;BLANK AL 840X700X1,2 3105-O   ;UN ;5;0;       ;15,34;0;43669;E         ;226;SHOCK METAIS                                      ;54.800.768/0001-79  ;( 011)  2065.1611   ;                    ;edson@shockmetais.co;5;0;2;                                                    ;19626
122890;BLANK AL 900X850X1,2MM - 1100-;UN ;2;0;       ;15,34;0;43662;E         ;226;SHOCK METAIS                                      ;54.800.768/0001-79  ;( 011)  2065.1611   ;                    ;edson@shockmetais.co;5;0;2;                                                    ;19626
119566;BLANK BANDEJA MI 1107 X 340 X ;UN ;126;0;       ;15,34;0;43662;E         ;226;SHOCK METAIS                                      ;54.800.768/0001-79  ;( 011)  2065.1611   ;                    ;edson@shockmetais.co;5;0;0;                                                    ;19626
119567;BLANK BANDEJA MI 1470 X 340 X ;UN ;155;0;10;15,34;0;43675;E         ;226;SHOCK METAIS                                      ;54.800.768/0001-79  ;( 011)  2065.1611   ;                    ;edson@shockmetais.co;5;18;0;                                                    ;19626
119568;BLANK BANDEJA MI 1833 X 340 X ;UN ;119;0;10;15,34;0;43675;E         ;226;SHOCK METAIS                                      ;54.800.768/0001-79  ;( 011)  2065.1611   ;                    ;edson@shockmetais.co;5;18;0;                                                    ;19626
119569;BLANK BANDEJA MI 2196 X 340 X ;UN ;69;0;10;15,34;0;43675;E         ;226;SHOCK METAIS                                      ;54.800.768/0001-79  ;( 011)  2065.1611   ;                    ;edson@shockmetais.co;5;18;0;                                                    ;19626
92635;BLANK BANDEJA MI 2230 X 373 X ;UN ;7;0;       ;15,34;0;43672;E         ;226;SHOCK METAIS                                      ;54.800.768/0001-79  ;( 011)  2065.1611   ;                    ;edson@shockmetais.co;5;0;0;                                                    ;19626
92636;BLANK BANDEJA MI 2593 X 373 X ;UN ;4;0;       ;15,34;0;43669;E         ;226;SHOCK METAIS                                      ;54.800.768/0001-79  ;( 011)  2065.1611   ;                    ;edson@shockmetais.co;5;0;0;                                                    ;19626
119571;BLANK BANDEJA MI 2922 X 340 X ;UN ;21;0;10;15,34;0;43675;E         ;226;SHOCK METAIS                                      ;54.800.768/0001-79  ;( 011)  2065.1611   ;                    ;edson@shockmetais.co;5;18;0;                                                    ;19626
92637;BLANK BANDEJA MI 2956 X 373 X ;UN ;3;0;       ;15,34;0;43669;E         ;226;SHOCK METAIS                                      ;54.800.768/0001-79  ;( 011)  2065.1611   ;                    ;edson@shockmetais.co;5;0;0;                                                    ;19626
119574;BLANK COIFA MI 1071 X 625 X 0.;UN ;126;0;10;15,34;0;43675;E         ;226;SHOCK METAIS                                      ;54.800.768/0001-79  ;( 011)  2065.1611   ;                    ;edson@shockmetais.co;5;18;0;                                                    ;19626
119575;BLANK COIFA MI 1434 X 625 X 0.;UN ;155;0;10;15,34;0;43675;E         ;226;SHOCK METAIS                                      ;54.800.768/0001-79  ;( 011)  2065.1611   ;                    ;edson@shockmetais.co;5;18;0;                                                    ;19626
119580;BLANK COIFA MI 1644 X 625 X 0.;UN ;14;0;10;15,34;0;43675;E         ;226;SHOCK METAIS                                      ;54.800.768/0001-79  ;( 011)  2065.1611   ;                    ;edson@shockmetais.co;5;18;0;                                                    ;19626
119576;BLANK COIFA MI 1797 X 625 X 0.;UN ;119;0;10;15,34;0;43675;E         ;226;SHOCK METAIS                                      ;54.800.768/0001-79  ;( 011)  2065.1611   ;                    ;edson@shockmetais.co;5;18;0;                                                    ;19626
119577;BLANK COIFA MI 2160 X 625 X 0.;UN ;69;0;10;15,34;0;43662;E         ;226;SHOCK METAIS                                      ;54.800.768/0001-79  ;( 011)  2065.1611   ;                    ;edson@shockmetais.co;5;18;0;                                                    ;19626
92643;BLANK COIFA MI 2160 X 654 X 0.;UN ;7;0;       ;15,34;0;43672;E         ;226;SHOCK METAIS                                      ;54.800.768/0001-79  ;( 011)  2065.1611   ;                    ;edson@shockmetais.co;5;0;0;                                                    ;19626
119578;BLANK COIFA MI 2523 X 625 X 0.;UN ;39;0;10;15,34;0;43675;E         ;226;SHOCK METAIS                                      ;54.800.768/0001-79  ;( 011)  2065.1611   ;                    ;edson@shockmetais.co;5;18;0;                                                    ;19626
92644;BLANK COIFA MI 2523 X 654 X 0.;UN ;4;0;       ;15,34;0;43672;E         ;226;SHOCK METAIS                                      ;54.800.768/0001-79  ;( 011)  2065.1611   ;                    ;edson@shockmetais.co;0;0;0;                                                    ;19626
119579;BLANK COIFA MI 2886 X 625 X 0.;UN ;21;0;10;15,34;0;43675;E         ;226;SHOCK METAIS                                      ;54.800.768/0001-79  ;( 011)  2065.1611   ;                    ;edson@shockmetais.co;5;18;0;                                                    ;19626
129618;CH AL 3000 X 1250 X 0,6mm     ;UN ;69,021;0;10;15,84;0;43662;E         ;226;SHOCK METAIS                                      ;54.800.768/0001-79  ;( 011)  2065.1611   ;                    ;edson@shockmetais.co;5;18;0;                                                    ;19626
54736;CH AL 3000X1000X0.80 LIGA 1100;UN ;0,967;0;       ;13;0;43697;E         ;226;SHOCK METAIS                                      ;54.800.768/0001-79  ;( 011)  2065.1611   ;                    ;edson@shockmetais.co;5;18;2;                                                    ;19626
40442;CH AL 3000X1000X1,2           ;UN ;4,64;0;       ;13;0;43662;E         ;226;SHOCK METAIS                                      ;54.800.768/0001-79  ;( 011)  2065.1611   ;                    ;edson@shockmetais.co;5;0;2;                                                    ;19626
5547;CH AL NAVAL 2000X1000X1,5 ALCA;UN ;0,116;0;       ;17,3;0;43662;E         ;226;SHOCK METAIS                                      ;54.800.768/0001-79  ;( 011)  2065.1611   ;                    ;edson@shockmetais.co;5;0;0;                                                    ;19626
11266;CH AL NAVAL 2000X1000X2,0 LIGA;UN ;11,456;0;       ;15,79;0;43669;E         ;226;SHOCK METAIS                                      ;54.800.768/0001-79  ;( 011)  2065.1611   ;                    ;edson@shockmetais.co;5;0;2;                                                    ;19626
66841;CH AL NAVAL 2000X1250X1,55    ;UN ;1;0;       ;16,75;0;43662;E         ;226;SHOCK METAIS                                      ;54.800.768/0001-79  ;( 011)  2065.1611   ;                    ;edson@shockmetais.co;0;0;2;                                                    ;19626
82166;CH AL NAVAL 3000X1000X1,5mm LI;UN ;5,916;0;       ;13,75;0;43669;E         ;226;SHOCK METAIS                                      ;54.800.768/0001-79  ;( 011)  2065.1611   ;                    ;edson@shockmetais.co;5;0;2;                                                    ;19626
11251;CH AL.2000X1000X0.8           ;UN ;116,331;0;       ;13;0;43669;E         ;226;SHOCK METAIS                                      ;54.800.768/0001-79  ;( 011)  2065.1611   ;                    ;edson@shockmetais.co;5;0;2;                                                    ;19626
5062;CH AL.2000x1000x1.2           ;UN ;30,432;0;       ;13;0;43668;E         ;226;SHOCK METAIS                                      ;54.800.768/0001-79  ;( 011)  2065.1611   ;                    ;edson@shockmetais.co;5;18;0;                                                    ;19626
5063;CH AL.2000x1000x2.0           ;UN ;7,026;0;       ;13;0;43668;E         ;226;SHOCK METAIS                                      ;54.800.768/0001-79  ;( 011)  2065.1611   ;                    ;edson@shockmetais.co;5;0;2;                                                    ;19626
12447;CH AL.3000X1000X1.50          ;UN ;2,664;0;       ;13;0;43662;E         ;226;SHOCK METAIS                                      ;54.800.768/0001-79  ;( 011)  2065.1611   ;                    ;edson@shockmetais.co;5;18;2;                                                    ;19626
95662;CH AL.3000X1250X2.0MM         ;UN ;4,863;0;       ;13;0;43662;E         ;226;SHOCK METAIS                                      ;54.800.768/0001-79  ;( 011)  2065.1611   ;                    ;edson@shockmetais.co;5;0;2;                                                    ;19626
93915;TB CU 1/2x0.79                ;KG ;1,659;0;       ;32,64;0;43662;E         ;2729;TERMOMECANICA                                     ;59.106.666/0002-52  ;0;                    ;vendas.suporte31@ter;5;0;2;                                                    ;19626
5001;TB. CU 5/16x0,65              ;KG ;0;46,77;10;32,44;0;43724;E         ;226;SHOCK METAIS                                      ;54.800.768/0001-79  ;( 011)  2065.1611   ;                    ;edson@shockmetais.co;5;18;2;                                                    ;19626
134389;TB. CU 5/16x0,65              ;KG ;0;46,77;10;39,9;0;43724;E         ;226;SHOCK METAIS                                      ;54.800.768/0001-79  ;( 011)  2065.1611   ;                    ;edson@shockmetais.co;5;18;2;                                                    ;19626
134390;TB. CU 5/16x0,65              ;KG ;0;46,77;       ;0;0;43724;E         ;4871;TERMOMECANICA                                     ;59.106.666/0001-71  ;( 000)  7000.0000   ;                    ;1;5;18;2;                                                    ;19626
134391;TB. CU 5/16x0,65              ;KG ;0;46,77;       ;0;0;43724;E         ;6858;PARANAPANEMA                                      ;60.398.369/0008-00  ;( 011)  2199.7604   ;                    ;anasilva@paranapanem;5;18;2;                                                    ;19626
110681;TB. CU 5/8x0,40 DL            ;KG ;1311,107;0;10;34,12;0;43662;E         ;226;SHOCK METAIS                                      ;54.800.768/0001-79  ;( 011)  2065.1611   ;                    ;edson@shockmetais.co;5;0;0;                                                    ;19626
5056;TB. CU 5/8x0,79               ;KG ;0;0,793;       ;30,09;0;43662;E         ;226;SHOCK METAIS                                      ;54.800.768/0001-79  ;( 011)  2065.1611   ;                    ;edson@shockmetais.co;5;18;2;                                                    ;19626
134423;TB. CU 5/8x0,79               ;KG ;0;0,793;100;32,48;0;43662;E         ;3894;COPPERAF                                          ;01.577.711/0001-96  ;( 011)  2065.1010   ;                    ;douglas@copperaf.com;5;18;2;                                                    ;19626
134424;TB. CU 5/8x0,79               ;KG ;0;0,793;       ;0;0;43662;E         ;6858;PARANAPANEMA                                      ;60.398.369/0008-00  ;( 011)  2199.7604   ;                    ;anasilva@paranapanem;5;18;2;                                                    ;19626
134425;TB. CU 5/8x0,79               ;KG ;0;0,793;       ;0;0;43662;E         ;4871;TERMOMECANICA                                     ;59.106.666/0001-71  ;( 000)  7000.0000   ;                    ;1;5;18;2;                                                    ;19626
84469;"GRADE REDONDA 12"" A?O ELCO 1/1";UN ;0;6;       ;9,29;0;43662;E         ;292;MET.JAM                                           ;45.598.521/0001-20  ;( 011)  4761.8489   ;                    ;cassola@metalurgicaj;0;0;2;                                                    ;19626
134991;"GRADE REDONDA 12"" A?O ELCO 1/1";UN ;0;6;10;31,49;0;43662;E         ;2653;BLUE LIGHT                                        ;00.615.786/0001-51  ;( 014)  3554.9191   ;                    ;contrera@grupocontre;0;0;2;                                                    ;19626
6300;"HELICE PLAST 10"" EXAUST (V) 25";UN ;2375;0;       ;1,36;0;43675;E         ;406;ELCO                                              ;02.860.574/0001-65  ;( 011)  4701.9337   ;VILMA OLIVEIRA      ;fernando.pinto@elcob;5;18;2;                                                    ;19626
52541;"HELICE PLAST 8"" EXAUST 28› H-M";UN ;119;0;       ;1,18;0;43669;E         ;406;ELCO                                              ;02.860.574/0001-65  ;( 011)  4701.9337   ;VILMA OLIVEIRA      ;fernando.pinto@elcob;5;18;2;                                035 042             ;19626
6147;MOTOR ELCO 220V 50/60Hz VN16-3;UN ;274;0;       ;33,94;0;43675;E         ;406;ELCO                                              ;02.860.574/0001-65  ;( 011)  4701.9337   ;VILMA OLIVEIRA      ;fernando.pinto@elcob;10;18;2;                                035 042             ;19626
66691;MOTOR ELCO 220V 50/60Hz VN16-3;UN ;2101;0;       ;35,82;0;43675;E         ;406;ELCO                                              ;02.860.574/0001-65  ;( 011)  4701.9337   ;VILMA OLIVEIRA      ;fernando.pinto@elcob;10;0;2;                                035 042             ;19626
89650;MOTOR ELCO VN5-13 220V 5/42W 0;UN ;119;0;       ;35,05;0;43675;E         ;406;ELCO                                              ;02.860.574/0001-65  ;( 011)  4701.9337   ;VILMA OLIVEIRA      ;fernando.pinto@elcob;10;0;2;                                                    ;19626
87412;"HELICE EBM ALUMINIO ?10"" ""A"" 2";UN ;15;0;1;7,97;0;43654;E         ;502;EBM                                               ;02.374.717/0001-29  ;( 011)  4613.8700   ;                    ;simone.ciambeli@br.e;5;18;0;                                                    ;19626
88664;"HELICE EBM ALUMINIO ?10"" ""V"" 2";UN ;19;0;       ;7,97;0;43669;E         ;502;EBM                                               ;02.374.717/0001-29  ;( 011)  4613.8700   ;                    ;simone.ciambeli@br.e;5;0;0;                                                    ;19626
123569;MOTOR EBM 400 EC A3G400-AC22-5;UN ;5;0;1;731,27;0;43662;E         ;502;EBM                                               ;02.374.717/0001-29  ;( 011)  4613.8700   ;                    ;simone.ciambeli@br.e;0;0;0;                                                    ;19626
81910;MOTOR EBM 500MM 4P (W4D500-GM0;UN ;21;0;       ;668,94;0;43654;E         ;502;EBM                                               ;02.374.717/0001-29  ;( 011)  4613.8700   ;                    ;simone.ciambeli@br.e;0;0;0;                                                    ;19626
124619;MOTOR EBM EC 800 W3G800-GU23-7;UN ;2;0;1;2581,61;0;43662;E         ;502;EBM                                               ;02.374.717/0001-29  ;( 011)  4613.8700   ;                    ;simone.ciambeli@br.e;0;18;0;                                                    ;19626
81446;MOTOR ZIEHL ABEGG 800 8P FN080;UN ;5;0;       ;1272,04;0;43654;E         ;2957;ZIEHL-ABEGG                                       ;10.629.776/0001-29  ;( 011)  2872.2042   ;                    ;saulo.pereira@ziehl-;0;0;0;                                                    ;19626
89291;MOTOR IQ 3612 55330.01201 1550;UN ;34;0;1;110,01;0;43662;E         ;502;EBM                                               ;02.374.717/0001-29  ;( 011)  4613.8700   ;                    ;simone.ciambeli@br.e;0;18;0;                                                    ;19626
5312;PASSA FIO BOR DIAM EXT 35xDIAM;UN ;0;290;       ;0,67;0;43669;E         ;645;DIGE                                              ;01.430.822/0001-75  ;( 011)  3966.9177   ;JOSE                ;vendas1@digevedacoes;8;0;2;                                                    ;19626
135094;PASSA FIO BOR DIAM EXT 35xDIAM;UN ;0;290;       ;0;0;43669;E         ;6799;RVEDA                                             ;19.380.852/0001-80  ;( 011)  2239.2493   ;                    ;rveda@starbor.com.br;8;0;2;                                                    ;19626
5313;PASSA FIO BOR DIAM EXT 47xDIAM;UN ;0;329;       ;0,48;0;43669;E         ;645;DIGE                                              ;01.430.822/0001-75  ;( 011)  3966.9177   ;JOSE                ;vendas1@digevedacoes;8;0;2;                                                    ;19626
135095;PASSA FIO BOR DIAM EXT 47xDIAM;UN ;0;329;       ;0;0;43669;E         ;6799;RVEDA                                             ;19.380.852/0001-80  ;( 011)  2239.2493   ;                    ;rveda@starbor.com.br;8;0;2;                                                    ;19626
5279;PLUG BORRACHA 1.1/8           ;UN ;179;0;       ;0,48;0;43669;E         ;645;DIGE                                              ;01.430.822/0001-75  ;( 011)  3966.9177   ;JOSE                ;vendas1@digevedacoes;0;0;2;                                                    ;19626
19965;PLUG BORRACHA 1.5/8           ;UN ;28;0;       ;7,77;0;43669;E         ;645;DIGE                                              ;01.430.822/0001-75  ;( 011)  3966.9177   ;JOSE                ;vendas1@digevedacoes;0;0;2;                                                    ;19626
5280;PLUG BORRACHA 1/2 BOLSA       ;UN ;174;0;       ;0,43;0;43669;E         ;645;DIGE                                              ;01.430.822/0001-75  ;( 011)  3966.9177   ;JOSE                ;vendas1@digevedacoes;0;0;2;                                                    ;19626
5168;"PLUG BORRACHA 1/2""            ";UN ;2274;0;100;0,44;0;43669;E         ;645;DIGE                                              ;01.430.822/0001-75  ;( 011)  3966.9177   ;JOSE                ;vendas1@digevedacoes;0;0;2;                                                    ;19626
5527;PLUG BORRACHA 3/8 LONGO       ;UN ;541;0;100;0,4;0;43669;E         ;645;DIGE                                              ;01.430.822/0001-75  ;( 011)  3966.9177   ;JOSE                ;vendas1@digevedacoes;0;0;2;                                                    ;19626
5308;PLUG BORRACHA 5/16 (1/4 COM BO;UN ;2477;0;       ;0,53;0;43669;E         ;645;DIGE                                              ;01.430.822/0001-75  ;( 011)  3966.9177   ;JOSE                ;vendas1@digevedacoes;0;0;2;                                                    ;19626
5169;PLUG BORRACHA 5/8             ;UN ;549;0;100;0,4;0;43669;E         ;645;DIGE                                              ;01.430.822/0001-75  ;( 011)  3966.9177   ;JOSE                ;vendas1@digevedacoes;0;0;2;                                                    ;19626
5281;PLUG BORRACHA 5/8 BOLSA       ;UN ;44;0;       ;0,38;0;43669;E         ;645;DIGE                                              ;01.430.822/0001-75  ;( 011)  3966.9177   ;JOSE                ;vendas1@digevedacoes;0;0;2;                                                    ;19626
5275;"PLUG BORRACHA 7/8""            ";UN ;289;0;100;0,48;0;43669;E         ;645;DIGE                                              ;01.430.822/0001-75  ;( 011)  3966.9177   ;JOSE                ;vendas1@digevedacoes;0;0;2;                                                    ;19626
81610;CH GALV 2000 X 1200 X 0.95mm S;UN ;2,698;0;       ;3,86;0;43662;E         ;841;RADAR                                             ;04.396.664/0001-72  ;( 011)  3271.1411   ;                    ;radarferro@terra.com;5;0;2;21;19626
75306;CH GALV 2000X1200X1,25        ;UN ;1,734;0;       ;3,86;0;43662;E         ;841;RADAR                                             ;04.396.664/0001-72  ;( 011)  3271.1411   ;                    ;radarferro@terra.com;5;0;2;                                045 060             ;19626
104010;CH GALV BLANK 1000X600X1,25 S/;UN ;0;28;1;3,86;0;43669;E         ;841;RADAR                                             ;04.396.664/0001-72  ;( 011)  3271.1411   ;                    ;radarferro@terra.com;5;0;2;21;19626
133826;CH GALV BLANK 1000X600X1,25 S/;UN ;0;28;10;3,86;0;43669;E         ;7543;PIRES DO RIO                                      ;05.373.141/0003-35  ;( 011)  4225.9700   ;                    ;silvio@representapr.;5;0;2;21;19626
133827;CH GALV BLANK 1000X600X1,25 S/;UN ;0;28;10;3,86;0;43669;E         ;7186;BRASTIL                                           ;17.296.858/0001-48  ;( 019)  3446.4300   ;ADAULTO             ;adauto.brastil.acos@;5;0;2;21;19626
87639;CH GALV BLANK 1119 X 269 X 0.5;UN ;0;21;       ;4,36;0;43672;E         ;841;RADAR                                             ;04.396.664/0001-72  ;( 011)  3271.1411   ;                    ;radarferro@terra.com;5;0;2;                                                    ;19626
133828;CH GALV BLANK 1119 X 269 X 0.5;UN ;0;21;10;4,36;0;43672;E         ;7543;PIRES DO RIO                                      ;05.373.141/0003-35  ;( 011)  4225.9700   ;                    ;silvio@representapr.;5;0;2;                                                    ;19626
133829;CH GALV BLANK 1119 X 269 X 0.5;UN ;0;21;10;4,36;0;43672;E         ;7186;BRASTIL                                           ;17.296.858/0001-48  ;( 019)  3446.4300   ;ADAULTO             ;adauto.brastil.acos@;5;0;2;                                                    ;19626
87640;CH GALV BLANK 1482 X 269 X 0.5;UN ;0;3;       ;4,36;0;43669;E         ;841;RADAR                                             ;04.396.664/0001-72  ;( 011)  3271.1411   ;                    ;radarferro@terra.com;5;0;2;                                                    ;19626
133830;CH GALV BLANK 1482 X 269 X 0.5;UN ;0;3;10;4,36;0;43669;E         ;7543;PIRES DO RIO                                      ;05.373.141/0003-35  ;( 011)  4225.9700   ;                    ;silvio@representapr.;5;0;2;                                                    ;19626
133831;CH GALV BLANK 1482 X 269 X 0.5;UN ;0;3;10;4,36;0;43669;E         ;7186;BRASTIL                                           ;17.296.858/0001-48  ;( 019)  3446.4300   ;ADAULTO             ;adauto.brastil.acos@;5;0;2;                                                    ;19626
87641;CH GALV BLANK 1845 X 269 X 0.5;UN ;0;7;       ;4,36;0;43669;E         ;841;RADAR                                             ;04.396.664/0001-72  ;( 011)  3271.1411   ;                    ;radarferro@terra.com;5;0;2;                                045 060             ;19626
133832;CH GALV BLANK 1845 X 269 X 0.5;UN ;0;7;       ;4,36;0;43669;E         ;7543;PIRES DO RIO                                      ;05.373.141/0003-35  ;( 011)  4225.9700   ;                    ;silvio@representapr.;5;0;2;                                045 060             ;19626
133833;CH GALV BLANK 1845 X 269 X 0.5;UN ;0;7;10;4,36;0;43669;E         ;7186;BRASTIL                                           ;17.296.858/0001-48  ;( 019)  3446.4300   ;ADAULTO             ;adauto.brastil.acos@;5;0;2;                                045 060             ;19626
87638;CH GALV BLANK 756 X 269 X 0.5m;UN ;0;9;       ;4,36;0;43669;E         ;841;RADAR                                             ;04.396.664/0001-72  ;( 011)  3271.1411   ;                    ;radarferro@terra.com;5;0;2;                                045 060             ;19626
133836;CH GALV BLANK 756 X 269 X 0.5m;UN ;0;9;10;4,36;0;43669;E         ;7186;BRASTIL                                           ;17.296.858/0001-48  ;( 019)  3446.4300   ;ADAULTO             ;adauto.brastil.acos@;5;0;2;                                045 060             ;19626
133837;CH GALV BLANK 756 X 269 X 0.5m;UN ;0;9;10;4,36;0;43669;E         ;7543;PIRES DO RIO                                      ;05.373.141/0003-35  ;( 011)  4225.9700   ;                    ;silvio@representapr.;5;0;2;                                045 060             ;19626
11913;CH GALV.2000X1200X1.55 RADAR  ;UN ;0;8,696;       ;3,86;0;43662;E         ;841;RADAR                                             ;04.396.664/0001-72  ;( 011)  3271.1411   ;                    ;radarferro@terra.com;0;18;2;                                045 060             ;19626
5723;CH GALV.3000x1200x1.55 RADAR  ;UN ;5,052;0;       ;3,86;0;43662;E         ;841;RADAR                                             ;04.396.664/0001-72  ;( 011)  3271.1411   ;                    ;radarferro@terra.com;0;0;2;                                                    ;19626
101418;CHICOTE ELET. VMAX/CDR AC 3MT ;UN ;8;0;10;17,56;0;43669;E         ;1101;STALLO                                            ;05.922.035/0001-00  ;( 011)  5058.2727   ;GREGORIO            ;stallocme@yahoo.com.;5;0;2;28;19626
101419;CHICOTE ELET. VMAX/CDR AC 4MT ;UN ;3;0;10;22,18;0;43669;E         ;1101;STALLO                                            ;05.922.035/0001-00  ;( 011)  5058.2727   ;GREGORIO            ;stallocme@yahoo.com.;5;0;2;28;19626
101420;CHICOTE ELET. VMAX/CDR AC 5MT ;UN ;2;0;10;26,7;0;43669;E         ;1101;STALLO                                            ;05.922.035/0001-00  ;( 011)  5058.2727   ;GREGORIO            ;stallocme@yahoo.com.;5;0;2;28;19626
101421;CHICOTE ELET. VMAX/CDR AC 6MT ;UN ;1;0;10;31,44;0;43669;E         ;1101;STALLO                                            ;05.922.035/0001-00  ;( 011)  5058.2727   ;GREGORIO            ;stallocme@yahoo.com.;5;0;2;28;19626
124658;CHICOTE ELETRICO HD/HDL 3VIAS ;UN ;3;0;1;9,54;0;43662;E         ;1101;STALLO                                            ;05.922.035/0001-00  ;( 011)  5058.2727   ;GREGORIO            ;stallocme@yahoo.com.;5;0;2;28;19626
124659;CHICOTE ELETRICO HD/HDL 3VIAS ;UN ;2;0;1;10,44;0;43662;E         ;1101;STALLO                                            ;05.922.035/0001-00  ;( 011)  5058.2727   ;GREGORIO            ;stallocme@yahoo.com.;5;0;2;28;19626
124662;CHICOTE ELETRICO HD/HDL 5VIAS ;UN ;3;0;1;12,42;0;43662;E         ;1101;STALLO                                            ;05.922.035/0001-00  ;( 011)  5058.2727   ;GREGORIO            ;stallocme@yahoo.com.;5;0;2;28;19626
124663;CHICOTE ELETRICO HD/HDL 5VIAS ;UN ;2;0;1;14,27;0;43662;E         ;1101;STALLO                                            ;05.922.035/0001-00  ;( 011)  5058.2727   ;GREGORIO            ;stallocme@yahoo.com.;5;0;2;28;19626
118666;CHICOTE ELETRICO HD/HDL AC 1MT;UN ;110;0;1;5,65;0;43672;E         ;1101;STALLO                                            ;05.922.035/0001-00  ;( 011)  5058.2727   ;GREGORIO            ;stallocme@yahoo.com.;5;0;2;28;19626
109725;CHICOTE ELETRICO HD/HDL AC 2MT;UN ;93;0;30;7,49;0;43669;E         ;1101;STALLO                                            ;05.922.035/0001-00  ;( 011)  5058.2727   ;GREGORIO            ;stallocme@yahoo.com.;5;0;2;28;19626
109723;CHICOTE ELETRICO HD/HDL AC 4MT;UN ;12;0;10;11,59;0;43669;E         ;1101;STALLO                                            ;05.922.035/0001-00  ;( 011)  5058.2727   ;GREGORIO            ;stallocme@yahoo.com.;5;0;2;28;19626
91646;CHICOTE MI 1 MT               ;UN ;19;0;       ;3,66;0;43672;E         ;1101;STALLO                                            ;05.922.035/0001-00  ;( 011)  5058.2727   ;GREGORIO            ;stallocme@yahoo.com.;5;0;2;28;19626
91647;CHICOTE MI 2 MT               ;UN ;164;0;       ;7,61;0;43672;E         ;1101;STALLO                                            ;05.922.035/0001-00  ;( 011)  5058.2727   ;GREGORIO            ;stallocme@yahoo.com.;5;0;2;28;19626
91648;CHICOTE MI 3 MT               ;UN ;186;0;       ;10,93;0;43672;E         ;1101;STALLO                                            ;05.922.035/0001-00  ;( 011)  5058.2727   ;GREGORIO            ;stallocme@yahoo.com.;5;0;2;28;19626
91649;CHICOTE MI 4 MT               ;UN ;138;0;       ;12,33;0;43669;E         ;1101;STALLO                                            ;05.922.035/0001-00  ;( 011)  5058.2727   ;GREGORIO            ;stallocme@yahoo.com.;5;0;2;28;19626
91650;CHICOTE MI 5 MT               ;UN ;94;0;       ;16,62;0;43672;E         ;1101;STALLO                                            ;05.922.035/0001-00  ;( 011)  5058.2727   ;GREGORIO            ;stallocme@yahoo.com.;5;0;2;28;19626
91651;CHICOTE MI 6 MT               ;UN ;48;0;       ;18,05;0;43672;E         ;1101;STALLO                                            ;05.922.035/0001-00  ;( 011)  5058.2727   ;GREGORIO            ;stallocme@yahoo.com.;5;0;2;28;19626
91653;CHICOTE MI 8 MT               ;UN ;12;0;       ;23,9;0;43669;E         ;1101;STALLO                                            ;05.922.035/0001-00  ;( 011)  5058.2727   ;GREGORIO            ;stallocme@yahoo.com.;5;0;2;28;19626
68594;CLIP ESPACADOR HTS9           ;MIL;0,04;0;       ;251,16;0;43669;E         ;1101;STALLO                                            ;05.922.035/0001-00  ;( 011)  5058.2727   ;GREGORIO            ;stallocme@yahoo.com.;15;0;2;35;19626
109892;CONECTOR SUPER SEAL 6 VIAS FEM;UN ;349;0;50;8,48;0;43669;E         ;1101;STALLO                                            ;05.922.035/0001-00  ;( 011)  5058.2727   ;GREGORIO            ;stallocme@yahoo.com.;10;0;2;28;19626
124666;CONECTOR SUPER SEAL FEMEA 3VIA;UN ;5;0;1;5;0;43662;E         ;1101;STALLO                                            ;05.922.035/0001-00  ;( 011)  5058.2727   ;GREGORIO            ;stallocme@yahoo.com.;10;0;2;28;19626
124667;CONECTOR SUPER SEAL FEMEA 5VIA;UN ;5;0;1;6,26;0;43662;E         ;1101;STALLO                                            ;05.922.035/0001-00  ;( 011)  5058.2727   ;GREGORIO            ;stallocme@yahoo.com.;10;0;2;28;19626
133966;RABICHO DE ATERRAMENTO COR VER;UN ;11;0;10;2,14;0;43662;E         ;1101;STALLO                                            ;05.922.035/0001-00  ;( 011)  5058.2727   ;GREGORIO            ;stallocme@yahoo.com.;0;0;2;28;19626
5044;RABICHO LIGA?€O TERRA PINO (1,;UN ;38;0;       ;1,07;0;43669;E         ;1101;STALLO                                            ;05.922.035/0001-00  ;( 011)  5058.2727   ;GREGORIO            ;stallocme@yahoo.com.;5;0;2;28;19626
69626;TERMINAL ARGOLA AZUL COD. A 10;MIL;0,004;0;       ;164,94;0;43669;E         ;1101;STALLO                                            ;05.922.035/0001-00  ;( 011)  5058.2727   ;GREGORIO            ;stallocme@yahoo.com.;5;0;2;28;19626
109893;TERMINAL FEMEA P/ CONECTOR SUP;UN ;2134;0;1000;0,35;0;43669;E         ;1101;STALLO                                            ;05.922.035/0001-00  ;( 011)  5058.2727   ;GREGORIO            ;stallocme@yahoo.com.;10;0;2;28;19626
110254;TERMINAL INTELI. LUVA VERMELHO;UN ;464;0;1000;0,27;0;43669;E         ;1101;STALLO                                            ;05.922.035/0001-00  ;( 011)  5058.2727   ;GREGORIO            ;stallocme@yahoo.com.;15;0;2;28;19626
133605;TRAVA RESISTENCIA MOLA 2MM    ;UN ;200;0;       ;1,07;0;43662;E         ;1101;STALLO                                            ;05.922.035/0001-00  ;( 011)  5058.2727   ;GREGORIO            ;stallocme@yahoo.com.;0;0;2;28;19626
